1099,1100,1101,1102,1099,1100,1101,1102,1099,1100,1101,1102,1099,1100,1101,1102,1099,1100,1101,1102,1099,1100,1101,1102,1099,1100,1101,1102,1099,1099,1100,1099,1100,1101,1102,1102,1099,1100,1101,1102,1099,1100,1101,1102,1099,1100,1101,1102,1099,1100,1101,1102,1099,1100,1101,1102,1099,1100,1101,1102
1099,1100,1101,1102,1099,1100,1101,1102,1099,1100,1101,1102,1099,1100,1101,1102,1099,1100,1101,1102,1099,1100,1101,1102,1099,1100,1101,1102,1099,1100,1099,1100,1101,1102,1102,1102,1099,1100,1101,1102,1099,1100,1101,1102,1099,1100,1101,1102,1099,1100,1101,1102,1099,1100,1101,1102,1099,1100,1101,1102
1099,1100,1101,1102,1099,1100,1101,1102,1099,1100,1101,1102,1099,1100,1101,1102,1099,1100,1101,1102,1099,1100,1101,1102,1099,1100,1101,1102,1099,1099,1100,1101,1099,1100,1101,1102,1099,1100,1101,1102,1099,1100,1101,1102,1099,1100,1101,1102,1099,1100,1101,1102,1099,1100,1101,1102,1099,1100,1101,1102
1099,1100,1101,1102,1099,1100,1101,1102,1099,1100,1101,1102,1099,1100,1101,1102,1099,1100,1101,1102,1099,1100,1101,1102,1099,1100,1101,1102,1099,1099,1100,1099,1100,1101,1102,1102,1099,1100,1101,1102,1099,1100,1101,1102,1099,1100,1101,1102,1099,1100,1101,1102,1099,1100,1101,1102,1099,1100,1101,1102
1099,1100,1101,1102,1099,1100,1101,1102,1099,1100,1101,1102,1099,1100,1101,1102,1099,1100,1101,1102,1099,1100,1101,1102,1099,1100,1101,1102,1099,1099,1100,1101,1102,1102,1102,1102,1099,1100,1101,1102,1099,1100,1101,1102,1099,1100,1101,1102,1099,1100,1101,1102,1099,1100,1101,1102,1099,1100,1101,1102
1099,1100,1101,1102,1099,1100,1101,1102,1099,1100,1101,1102,1099,1100,1101,1102,1099,1100,1101,1102,1099,1100,1101,1102,1099,1100,1101,1102,1099,1100,1101,1102,1100,1101,1102,1102,1099,1100,1101,1102,1099,1100,1101,1102,1099,1100,1101,1102,1099,1100,1101,1102,1099,1100,1101,1102,1099,1100,1101,1102
1099,1100,1101,1102,1099,1100,1101,1102,1099,1100,1101,1102,1099,1100,1101,1102,1099,1100,1101,1102,1099,1100,1101,1102,1099,1100,1101,1102,1099,1100,1101,1102,1100,1101,1102,1102,1099,1100,1101,1102,1099,1100,1101,1102,1099,1100,1101,1102,1099,1100,1101,1102,1099,1100,1101,1102,1099,1100,1101,1102
1099,1100,1101,1102,1099,1100,1101,1102,1099,1100,1101,1102,1099,1100,1101,1102,1099,1100,1101,1102,1099,1100,1101,1102,1099,1100,1101,1099,1100,1101,1102,1099,1099,1100,1099,1100,1101,1102,1101,1102,1099,1100,1101,1102,1099,1100,1101,1102,1099,1100,1101,1102,1099,1100,1101,1102,1099,1100,1101,1102
1099,1100,1101,1102,1099,1100,1101,1102,1099,1100,1101,1102,1099,1100,1101,1102,1099,1100,1101,1102,1099,1100,1101,1102,1099,1100,1101,1099,1100,1101,1102,1100,1099,1100,1099,1100,1101,1102,1101,1102,1099,1100,1101,1102,1099,1100,1101,1102,1099,1100,1101,1102,1099,1100,1101,1102,1099,1100,1101,1102
1099,1100,1101,1102,1099,1100,1101,1102,1099,1100,1101,1102,1099,1100,1101,1102,1099,1100,1101,1102,1099,1100,1101,1102,1099,1100,1101,1099,1099,1100,1101,1102,1101,1102,1102,1102,1102,1100,1101,1102,1099,1100,1101,1102,1099,1100,1101,1102,1099,1100,1101,1102,1099,1100,1101,1102,1099,1100,1101,1102
1099,1100,1101,1102,1099,1100,1101,1102,1099,1100,1101,1102,1099,1100,1101,1102,1099,1100,1101,1102,1099,1100,1101,1102,1099,1100,1101,1102,1099,1099,1100,1101,1102,1099,1100,1101,1102,1100,1101,1102,1099,1100,1101,1102,1099,1100,1101,1102,1099,1100,1101,1102,1099,1100,1101,1102,1099,1100,1101,1102
1099,1100,1101,1102,1099,1100,1101,1102,1099,1100,1101,1102,1099,1100,1101,1102,1099,1100,1101,1102,1099,1100,1101,1102,1099,1100,1101,1102,1099,1100,1101,1102,1099,1100,1101,1102,1099,1100,1101,1102,1099,1100,1101,1102,1099,1100,1101,1102,1099,1100,1101,1102,1099,1100,1101,1102,1099,1100,1101,1102
1099,1100,1101,1102,1099,1100,1101,1102,1099,1100,1101,1102,1099,1100,1101,1102,1099,1100,1101,1102,1099,1100,1101,1102,1099,1100,1101,1102,1099,1100,1101,1102,1099,1100,1101,1102,1099,1100,1101,1102,1099,1100,1101,1102,1100,1100,1101,1102,1099,1100,1101,1102,1099,1100,1101,1102,1099,1100,1101,1102
1099,1100,1101,1102,1099,1100,1101,1102,1099,1100,1101,1102,1099,1100,1101,1102,1099,1100,1101,1102,1099,1100,1101,1102,1099,1100,1101,1102,1099,1100,1101,1102,1099,1100,1101,1102,1099,1100,1101,1102,1100,1100,1101,1100,1100,1100,1101,1102,1099,1100,1101,1102,1099,1100,1101,1102,1099,1100,1101,1102
1099,1100,1101,1102,1099,1100,1101,1102,1099,1100,1101,1102,1099,1100,1101,1102,1099,1100,1101,1102,1099,1100,1101,1102,1099,1100,1101,1102,1099,1100,1101,1102,1099,1100,1101,1102,1099,1100,1101,1102,1099,1100,1101,1102,1099,1100,1101,1102,1099,1100,1101,1102,1099,1100,1101,1102,1099,1100,1101,1102
1099,1100,1101,1102,1099,1100,1101,1102,1099,1100,1101,1102,1099,1100,1101,1102,1099,1100,1101,1102,1099,1100,1101,1102,1099,1100,1101,1102,1099,1100,1101,1102,1099,1100,1101,1102,1099,1100,1100,1102,1099,1100,1101,1102,1099,1100,1101,1102,1099,1100,1101,1102,1099,1100,1101,1102,1099,1100,1101,1102
1099,1100,1101,1102,1099,1100,1101,1102,1099,1100,1101,1102,1099,1100,1101,1102,1099,1100,1101,1102,1099,1100,1101,1102,1099,1100,1101,1102,1099,1100,1101,1102,1099,1100,1101,1102,1099,1100,1101,1102,1099,1100,1101,1102,1099,1100,1101,1102,1099,1100,1101,1102,1099,1100,1101,1102,1099,1100,1101,1102
1099,1100,1101,1102,1099,1100,1101,1102,1099,1100,1101,1102,1099,1100,1101,1102,1099,1100,1101,1102,1099,1100,1101,1102,1099,1100,1101,1102,1099,1100,1101,1102,1099,1100,1101,1102,1099,1100,1101,1102,1099,1100,1101,1102,1099,1100,1101,1102,1099,1100,1101,1102,1099,1100,1101,1102,1099,1100,1101,1102
1099,1100,1101,1102,1099,1100,1101,1102,1099,1100,1101,1102,1099,1100,1101,1102,1099,1100,1101,1102,1099,1100,1101,1102,1100,1100,1101,1102,1099,1100,1101,1102,1099,1100,1101,1102,1099,1100,1100,1102,1099,1100,1101,1102,1099,1100,1101,1102,1099,1100,1101,1102,1099,1100,1101,1102,1099,1100,1101,1102
1099,1100,1101,1102,1099,1100,1101,1102,1099,1100,1101,1102,1099,1100,1101,1102,1099,1100,1101,1102,1099,1100,1101,1100,1099,1100,1101,1102,1099,1100,1101,1102,1099,1100,1101,1102,1099,1100,1101,1102,1099,1100,1101,1102,1099,1100,1101,1102,1099,1100,1101,1102,1099,1100,1101,1102,1099,1100,1101,1102
1099,1100,1101,1102,1099,1100,1101,1102,1099,1100,1101,1102,1099,1100,1101,1102,1099,1100,1101,1102,1099,1100,1100,1100,1099,1100,1101,1102,1099,1100,1101,1102,1099,1100,1101,1102,1099,1100,1101,1102,1099,1100,1101,1102,1099,1100,1101,1102,1099,1100,1101,1102,1099,1100,1101,1102,1099,1100,1101,1102
1099,1100,1101,1102,1099,1100,1101,1102,1099,1100,1101,1102,1099,1100,1101,1102,1099,1100,1101,1102,1099,1100,1100,1102,1099,1100,1101,1102,1099,1100,1101,1102,1099,1100,1101,1102,1099,1100,1101,1102,1099,1100,1101,1102,1099,1100,1101,1102,1099,1100,1101,1102,1099,1100,1101,1102,1099,1100,1101,1102
1099,1100,1101,1102,1099,1100,1101,1102,1099,1100,1101,1102,1099,1100,1101,1102,1099,1100,1101,1102,1099,1100,1100,1102,1099,1100,1101,1102,1099,1100,1101,1100,1100,1100,1101,1102,1099,1100,1101,1102,1099,1100,1101,1102,1099,1100,1101,1102,1099,1100,1101,1102,1099,1100,1101,1102,1099,1100,1101,1102
1099,1100,1101,1102,1099,1100,1101,1102,1099,1100,1101,1102,1099,1100,1101,1102,1099,1100,1101,1102,1099,1100,1101,1102,1099,1100,1101,1102,1099,1100,1100,1102,1099,1100,1101,1102,1099,1100,1101,1102,1099,1100,1101,1102,1099,1100,1101,1102,1099,1100,1101,1102,1099,1100,1101,1102,1099,1100,1101,1102
1099,1100,1101,1102,1099,1100,1101,1102,1099,1100,1101,1102,1099,1100,1101,1102,1099,1100,1101,1102,1099,1100,1101,1102,1099,1100,1101,1100,1100,1100,1101,1102,1099,1100,1101,1102,1099,1100,1101,1102,1099,1100,1101,1102,1099,1100,1101,1102,1099,1100,1101,1102,1099,1100,1101,1102,1099,1100,1101,1102
1099,1100,1101,1102,1099,1100,1101,1102,1099,1100,1101,1102,1099,1100,1101,1102,1099,1100,1101,1102,1099,1100,1100,1102,1099,1100,1100,1100,1099,1100,1101,1102,1099,1100,1101,1102,1099,1100,1101,1102,1099,1100,1101,1102,1099,1100,1101,1102,1099,1100,1101,1102,1099,1100,1101,1102,1099,1100,1101,1102
1099,1100,1101,1102,1099,1100,1101,1102,1099,1100,1101,1102,1099,1100,1101,1102,1099,1100,1101,1102,1099,1100,1101,1100,1100,1100,1101,1102,1099,1100,1101,1102,1099,1100,1101,1102,1099,1100,1101,1102,1099,1100,1101,1102,1099,1100,1101,1102,1099,1100,1101,1102,1099,1100,1101,1102,1099,1100,1101,1102
1099,1100,1101,1102,1099,1100,1101,1102,1099,1100,1101,1102,1099,1100,1101,1102,1099,1100,1101,1102,1099,1100,1101,1102,1099,1100,1101,1102,1099,1100,1101,1102,1099,1100,1101,1102,1099,1100,1101,1102,1099,1100,1101,1102,1099,1100,1101,1102,1099,1100,1101,1102,1099,1100,1101,1102,1099,1100,1101,1102
1099,1100,1101,1102,1099,1100,1101,1102,1099,1100,1101,1102,1099,1100,1101,1102,1099,1100,1101,1102,1099,1100,1101,1102,1099,1100,1101,1102,1099,1100,1101,1102,1099,1100,1101,1102,1099,1100,1101,1102,1099,1100,1101,1102,1099,1100,1101,1102,1099,1100,1101,1102,1099,1100,1101,1102,1099,1100,1101,1102
1099,1100,1101,1102,1099,1100,1101,1102,1099,1100,1101,1102,1099,1100,1101,1102,1099,1100,1101,1102,1099,1100,1101,1102,1099,1100,1101,1102,1099,1100,1101,1102,1099,1100,1101,1102,1099,1100,1101,1102,1099,1100,1101,1102,1099,1100,1101,1102,1099,1100,1101,1102,1099,1100,1101,1102,1099,1100,1101,1102
1099,1100,1101,1102,1099,1100,1101,1102,1099,1100,1101,1102,1099,1100,1101,1102,1099,1100,1101,1102,1099,1100,1101,1102,1099,1100,1101,1102,1099,1100,1101,1102,1099,1100,1101,1102,1099,1100,1101,1102,1099,1100,1101,1102,1099,1100,1101,1102,1099,1100,1101,1102,1099,1100,1101,1102,1099,1100,1101,1102
1099,1100,1101,1102,1099,1100,1101,1102,1099,1100,1101,1102,1099,1100,1101,1102,1099,1100,1101,1102,1099,1100,1101,1102,1099,1100,1101,1102,1099,1100,1101,1102,1099,1100,1101,1102,1099,1100,1101,1102,1099,1100,1101,1102,1099,1100,1101,1102,1099,1100,1101,1102,1099,1100,1101,1102,1099,1100,1101,1102
